firstname,lastname,email,formation,promotion,campus
Modestia,Skell,Modestia.Skell@icanschool.com,UX,2018,Paris
Genovera,Schalles,Genovera.Schalles@icanschool.com,UX,2018,Bordeaux
Kimberley,Means,Kimberley.Means@icanschool.com,GameDesign,2018,Paris
Jenda,Felizio,Jenda.Felizio@icanschool.com,GameDesign,2022,Lille
Lanae,Moseley,Lanae.Moseley@icanschool.com,GameDesign,2019,Lyon
Concettina,Tiffa,Concettina.Tiffa@icanschool.com,GameProgramming,2020,Lille
Brynna,Kirstin,Brynna.Kirstin@icanschool.com,BD,2019,Lille
Glynnis,Bendick,Glynnis.Bendick@icanschool.com,GameDesign,2021,Paris
Tatiania,Zrike,Tatiania.Zrike@icanschool.com,GameArt,2021,Bordeaux
Ivett,Durware,Ivett.Durware@icanschool.com,UX,2023,Lyon
Yvonne,Waite,Yvonne.Waite@icanschool.com,UX,2023,Bordeaux
Emylee,Mathilde,Emylee.Mathilde@icanschool.com,Web,2021,Lille
Stephanie,Sheng,Stephanie.Sheng@icanschool.com,UX,2018,Paris
Kelly,Boycey,Kelly.Boycey@icanschool.com,GameProgramming,2019,Paris
Catrina,Bach,Catrina.Bach@icanschool.com,Communication,2021,Bordeaux
Emylee,Hourigan,Emylee.Hourigan@icanschool.com,Communication,2022,Bordeaux
Kimberley,Demitria,Kimberley.Demitria@icanschool.com,UX,2018,Paris
Fred,Torray,Fred.Torray@icanschool.com,BD,2020,Lille
Marti,Lipson,Marti.Lipson@icanschool.com,BD,2018,Lille
Odessa,Abbot,Odessa.Abbot@icanschool.com,GameProgramming,2018,Lille
Sibella,Hanshaw,Sibella.Hanshaw@icanschool.com,GameDesign,2022,Lyon
Carmencita,Saree,Carmencita.Saree@icanschool.com,UX,2022,Bordeaux
Magdalena,Old,Magdalena.Old@icanschool.com,GameProgramming,2020,Lyon
Evaleen,Rozanna,Evaleen.Rozanna@icanschool.com,UX,2020,Lille
Ermengarde,Rheingold,Ermengarde.Rheingold@icanschool.com,GameDesign,2018,Lille
Drucie,Alrich,Drucie.Alrich@icanschool.com,Communication,2018,Lyon
Antonietta,Ammann,Antonietta.Ammann@icanschool.com,UX,2021,Bordeaux
Jillayne,Craggie,Jillayne.Craggie@icanschool.com,GameArt,2023,Lyon
Gwenneth,Shelba,Gwenneth.Shelba@icanschool.com,GameProgramming,2021,Lille
Blake,Middleton,Blake.Middleton@icanschool.com,Communication,2020,Lille
Winny,Ethban,Winny.Ethban@icanschool.com,GameDesign,2018,Paris
Ursulina,Radu,Ursulina.Radu@icanschool.com,UX,2020,Lyon
Courtnay,Lanita,Courtnay.Lanita@icanschool.com,GameDesign,2023,Lille
Sybille,Jacobah,Sybille.Jacobah@icanschool.com,GameDesign,2020,Bordeaux
Constance,Alwin,Constance.Alwin@icanschool.com,UX,2023,Lyon
Ezmeralda,Drisko,Ezmeralda.Drisko@icanschool.com,UX,2021,Paris
Tracey,Tillford,Tracey.Tillford@icanschool.com,UX,2019,Lille
Liana,Kristi,Liana.Kristi@icanschool.com,GameArt,2023,Lille
Renie,Ranjiv,Renie.Ranjiv@icanschool.com,Communication,2023,Paris
Anica,Bendick,Anica.Bendick@icanschool.com,Web,2022,Bordeaux
Kerrin,Milde,Kerrin.Milde@icanschool.com,GameProgramming,2022,Lyon
Konstance,Tristram,Konstance.Tristram@icanschool.com,Communication,2023,Lyon
Aimil,Noman,Aimil.Noman@icanschool.com,UX,2022,Lyon
Roslyn,Janith,Roslyn.Janith@icanschool.com,BD,2023,Lille
Elise,Halla,Elise.Halla@icanschool.com,Communication,2023,Lille
Alyda,Noelyn,Alyda.Noelyn@icanschool.com,BD,2019,Bordeaux
Carolina,Delacourt,Carolina.Delacourt@icanschool.com,UX,2020,Bordeaux
Alex,Myrilla,Alex.Myrilla@icanschool.com,GameArt,2021,Lille
Jenda,Melleta,Jenda.Melleta@icanschool.com,Communication,2018,Paris
Susan,Modie,Susan.Modie@icanschool.com,GameArt,2023,Lille
Chickie,Argus,Chickie.Argus@icanschool.com,Web,2023,Bordeaux
Elbertina,Ajay,Elbertina.Ajay@icanschool.com,Web,2022,Lille
Gilligan,Engdahl,Gilligan.Engdahl@icanschool.com,BD,2020,Paris
Mireielle,Dowski,Mireielle.Dowski@icanschool.com,Communication,2018,Bordeaux
Kenna,Lubin,Kenna.Lubin@icanschool.com,Communication,2021,Lyon
Etta,Holtz,Etta.Holtz@icanschool.com,GameDesign,2022,Paris
Andree,Croix,Andree.Croix@icanschool.com,Web,2019,Bordeaux
Deloria,Sibyls,Deloria.Sibyls@icanschool.com,Web,2022,Lille
Maud,Therine,Maud.Therine@icanschool.com,Communication,2023,Lyon
Tierney,Ardeha,Tierney.Ardeha@icanschool.com,UX,2020,Lille
Emelina,Morehouse,Emelina.Morehouse@icanschool.com,UX,2022,Bordeaux
Taffy,Elephus,Taffy.Elephus@icanschool.com,Web,2021,Bordeaux
Vevay,Selway,Vevay.Selway@icanschool.com,Communication,2022,Bordeaux
Aubrie,Kamaria,Aubrie.Kamaria@icanschool.com,GameArt,2020,Lille
Elyssa,Hurley,Elyssa.Hurley@icanschool.com,Communication,2022,Lyon
Cathyleen,Remmer,Cathyleen.Remmer@icanschool.com,GameProgramming,2019,Lyon
Keelia,Lenny,Keelia.Lenny@icanschool.com,UX,2022,Bordeaux
Claresta,Lanita,Claresta.Lanita@icanschool.com,UX,2019,Lille
Addia,Hepsibah,Addia.Hepsibah@icanschool.com,UX,2019,Bordeaux
Frieda,Sancho,Frieda.Sancho@icanschool.com,BD,2021,Lille
Viki,Malina,Viki.Malina@icanschool.com,BD,2021,Paris
Caritta,Haymes,Caritta.Haymes@icanschool.com,Communication,2023,Lyon
Cordi,Bultman,Cordi.Bultman@icanschool.com,GameArt,2019,Bordeaux
Dari,Stelle,Dari.Stelle@icanschool.com,GameDesign,2021,Lyon
Deirdre,Aaberg,Deirdre.Aaberg@icanschool.com,GameArt,2023,Lille
Ottilie,Tice,Ottilie.Tice@icanschool.com,BD,2023,Lille
Bee,Ciro,Bee.Ciro@icanschool.com,Communication,2023,Paris
Bee,Rosalba,Bee.Rosalba@icanschool.com,GameArt,2021,Paris
Vivia,Kat,Vivia.Kat@icanschool.com,GameDesign,2021,Lille
Aigneis,Donoghue,Aigneis.Donoghue@icanschool.com,GameArt,2018,Bordeaux
Laure,Leifeste,Laure.Leifeste@icanschool.com,GameDesign,2022,Bordeaux
Arabel,O'Carroll,Arabel.O'Carroll@icanschool.com,Web,2021,Lille
Gilligan,Reinke,Gilligan.Reinke@icanschool.com,UX,2021,Paris
Carol-Jean,Gregrory,Carol-Jean.Gregrory@icanschool.com,GameDesign,2022,Lyon
Ilse,Giff,Ilse.Giff@icanschool.com,Communication,2019,Lyon
Kimberley,Lay,Kimberley.Lay@icanschool.com,GameProgramming,2022,Paris
Mireielle,Schonfeld,Mireielle.Schonfeld@icanschool.com,Web,2022,Bordeaux
Leontine,Birdella,Leontine.Birdella@icanschool.com,BD,2018,Lyon
Margarette,Stefa,Margarette.Stefa@icanschool.com,Web,2021,Lyon
Cecile,Michella,Cecile.Michella@icanschool.com,BD,2019,Lille
Gusella,Olnee,Gusella.Olnee@icanschool.com,Communication,2018,Lille
Lynnea,Maxi,Lynnea.Maxi@icanschool.com,BD,2023,Lille
Raquela,Corilla,Raquela.Corilla@icanschool.com,GameDesign,2023,Paris
Britte,Havens,Britte.Havens@icanschool.com,BD,2023,Bordeaux
Xylina,Bord,Xylina.Bord@icanschool.com,Web,2023,Lille
Shirlee,Margarete,Shirlee.Margarete@icanschool.com,Web,2023,Paris
Orsola,Ackerley,Orsola.Ackerley@icanschool.com,BD,2021,Lyon
Benita,Hylan,Benita.Hylan@icanschool.com,UX,2018,Bordeaux
Dania,Monaco,Dania.Monaco@icanschool.com,Web,2020,Paris
Kylynn,Aloise,Kylynn.Aloise@icanschool.com,GameArt,2023,Lille
Alie,Barrus,Alie.Barrus@icanschool.com,GameDesign,2022,Paris
Phedra,Glovsky,Phedra.Glovsky@icanschool.com,Web,2019,Lille
Magdalena,Travax,Magdalena.Travax@icanschool.com,GameArt,2023,Lille
Caressa,Cosenza,Caressa.Cosenza@icanschool.com,BD,2018,Paris
Merle,Ferrell,Merle.Ferrell@icanschool.com,Web,2019,Paris
Nanete,Flita,Nanete.Flita@icanschool.com,GameProgramming,2019,Lyon
Anallese,Grimbly,Anallese.Grimbly@icanschool.com,Communication,2022,Lyon
Sophia,Grimbly,Sophia.Grimbly@icanschool.com,BD,2019,Paris
Orelia,Trey,Orelia.Trey@icanschool.com,Communication,2023,Lyon
Marylou,Shaddock,Marylou.Shaddock@icanschool.com,GameProgramming,2020,Bordeaux
Tersina,Othilia,Tersina.Othilia@icanschool.com,GameArt,2022,Bordeaux
Hollie,Saree,Hollie.Saree@icanschool.com,GameArt,2022,Bordeaux
Silvana,Linskey,Silvana.Linskey@icanschool.com,GameDesign,2021,Lille
Madalyn,Friede,Madalyn.Friede@icanschool.com,GameDesign,2019,Paris
Shaine,Ingra,Shaine.Ingra@icanschool.com,Web,2021,Paris
Taffy,Quinn,Taffy.Quinn@icanschool.com,GameDesign,2021,Lyon
Renie,Belanger,Renie.Belanger@icanschool.com,GameDesign,2021,Bordeaux
Letizia,Mitzi,Letizia.Mitzi@icanschool.com,BD,2021,Lyon
Theodora,Capello,Theodora.Capello@icanschool.com,GameArt,2022,Lyon
Dari,Annice,Dari.Annice@icanschool.com,GameDesign,2020,Lyon
Brietta,Yate,Brietta.Yate@icanschool.com,GameArt,2021,Paris
Bernie,Holbrook,Bernie.Holbrook@icanschool.com,Communication,2020,Bordeaux
Olwen,Zeeba,Olwen.Zeeba@icanschool.com,Communication,2022,Lille
Hope,Lea,Hope.Lea@icanschool.com,GameProgramming,2019,Paris
Trudie,Jorgan,Trudie.Jorgan@icanschool.com,GameDesign,2020,Paris
Bernie,Kellby,Bernie.Kellby@icanschool.com,Communication,2021,Lille
Jennica,Wittie,Jennica.Wittie@icanschool.com,GameDesign,2018,Lyon
Lila,Georgy,Lila.Georgy@icanschool.com,Communication,2020,Lille
Fidelia,Hirsch,Fidelia.Hirsch@icanschool.com,Web,2020,Lyon
Lilith,Delacourt,Lilith.Delacourt@icanschool.com,BD,2022,Bordeaux
Tersina,Melan,Tersina.Melan@icanschool.com,GameDesign,2020,Bordeaux
Tami,Vilma,Tami.Vilma@icanschool.com,GameArt,2021,Paris
Zia,Hortensia,Zia.Hortensia@icanschool.com,GameArt,2023,Bordeaux
Tobe,Kunin,Tobe.Kunin@icanschool.com,UX,2021,Lille
Ida,Willie,Ida.Willie@icanschool.com,GameArt,2022,Lyon
Lindie,Dosia,Lindie.Dosia@icanschool.com,GameArt,2023,Paris
Minne,Nadia,Minne.Nadia@icanschool.com,GameDesign,2023,Lyon
Siana,Waldron,Siana.Waldron@icanschool.com,Communication,2020,Paris
Lanae,Tyson,Lanae.Tyson@icanschool.com,Web,2022,Bordeaux
Anthia,Celestine,Anthia.Celestine@icanschool.com,GameProgramming,2018,Bordeaux
Nickie,Greyson,Nickie.Greyson@icanschool.com,UX,2019,Lille
Roseline,Iaverne,Roseline.Iaverne@icanschool.com,GameProgramming,2019,Bordeaux
Concettina,Smitt,Concettina.Smitt@icanschool.com,GameArt,2020,Paris
Dawn,Emmaline,Dawn.Emmaline@icanschool.com,GameDesign,2023,Lille
Celene,Beniamino,Celene.Beniamino@icanschool.com,GameDesign,2019,Lyon
Ana,Quent,Ana.Quent@icanschool.com,UX,2022,Bordeaux
Cathie,Kussell,Cathie.Kussell@icanschool.com,BD,2019,Lille
Rosene,Adalbert,Rosene.Adalbert@icanschool.com,Web,2019,Lille
Shauna,Deny,Shauna.Deny@icanschool.com,BD,2021,Paris
Neila,Barbey,Neila.Barbey@icanschool.com,GameProgramming,2021,Bordeaux
Paola,Celestine,Paola.Celestine@icanschool.com,GameArt,2019,Paris
Libbie,Dominy,Libbie.Dominy@icanschool.com,GameProgramming,2023,Bordeaux
Robinia,Saunderson,Robinia.Saunderson@icanschool.com,Web,2022,Lille
Livvyy,Georas,Livvyy.Georas@icanschool.com,UX,2021,Lille
Kittie,Loleta,Kittie.Loleta@icanschool.com,BD,2020,Lille
Jinny,Schlosser,Jinny.Schlosser@icanschool.com,GameDesign,2021,Paris
Veda,Sholley,Veda.Sholley@icanschool.com,GameArt,2022,Bordeaux
Sean,Vivle,Sean.Vivle@icanschool.com,BD,2018,Bordeaux
Emma,Carlson,Emma.Carlson@icanschool.com,Communication,2023,Lille
Mariann,Morgun,Mariann.Morgun@icanschool.com,Web,2020,Lille
Mahalia,Barrus,Mahalia.Barrus@icanschool.com,Communication,2020,Lyon
Penelopa,Vorster,Penelopa.Vorster@icanschool.com,GameDesign,2019,Bordeaux
Feliza,Fink,Feliza.Fink@icanschool.com,BD,2019,Bordeaux
Cristabel,Hamil,Cristabel.Hamil@icanschool.com,GameProgramming,2022,Lyon
Dulce,Orlene,Dulce.Orlene@icanschool.com,GameArt,2022,Paris
Wilma,Helve,Wilma.Helve@icanschool.com,Communication,2021,Lille
Winny,Bonilla,Winny.Bonilla@icanschool.com,GameDesign,2020,Lille
Jan,Bury,Jan.Bury@icanschool.com,BD,2022,Bordeaux
Quintina,Ephrem,Quintina.Ephrem@icanschool.com,GameProgramming,2018,Bordeaux
Daune,Brieta,Daune.Brieta@icanschool.com,GameProgramming,2020,Paris
Cindelyn,Vharat,Cindelyn.Vharat@icanschool.com,Web,2018,Lyon
Annice,Vorster,Annice.Vorster@icanschool.com,GameProgramming,2021,Lyon
Kalina,Diogenes,Kalina.Diogenes@icanschool.com,UX,2022,Lille
Lesly,Roscoe,Lesly.Roscoe@icanschool.com,Web,2023,Paris
Cyndie,Koziara,Cyndie.Koziara@icanschool.com,BD,2021,Lyon
Ronna,Ehrman,Ronna.Ehrman@icanschool.com,Web,2018,Lyon
Rayna,Billye,Rayna.Billye@icanschool.com,GameDesign,2019,Lyon
Carmela,Gert,Carmela.Gert@icanschool.com,GameDesign,2022,Paris
Mariann,Joni,Mariann.Joni@icanschool.com,GameArt,2023,Paris
Millie,August,Millie.August@icanschool.com,GameProgramming,2021,Lille
Ingrid,Edmund,Ingrid.Edmund@icanschool.com,BD,2020,Bordeaux
Stephanie,Delila,Stephanie.Delila@icanschool.com,GameArt,2021,Lille
Cherrita,Lay,Cherrita.Lay@icanschool.com,UX,2020,Bordeaux
Maisey,Ethban,Maisey.Ethban@icanschool.com,UX,2018,Paris
Stephanie,Docilla,Stephanie.Docilla@icanschool.com,GameArt,2022,Paris
Jany,Cohdwell,Jany.Cohdwell@icanschool.com,GameArt,2018,Lille
Etta,Clara,Etta.Clara@icanschool.com,GameArt,2023,Lille
Selma,Roscoe,Selma.Roscoe@icanschool.com,UX,2022,Lille
Jenda,Magdalen,Jenda.Magdalen@icanschool.com,UX,2019,Lille
Andeee,Weaks,Andeee.Weaks@icanschool.com,GameProgramming,2021,Bordeaux
Viviene,Delila,Viviene.Delila@icanschool.com,GameDesign,2022,Lyon
Minne,Earlie,Minne.Earlie@icanschool.com,GameArt,2022,Lille
Neila,McLaughlin,Neila.McLaughlin@icanschool.com,GameDesign,2020,Paris
Hayley,Fillbert,Hayley.Fillbert@icanschool.com,Communication,2019,Lille
Lonnie,Suzetta,Lonnie.Suzetta@icanschool.com,UX,2021,Lille
Keelia,Sholley,Keelia.Sholley@icanschool.com,BD,2022,Paris
Sheree,Adlare,Sheree.Adlare@icanschool.com,GameProgramming,2022,Lyon
Jacquetta,Madelene,Jacquetta.Madelene@icanschool.com,GameArt,2022,Lyon
Pearline,Erskine,Pearline.Erskine@icanschool.com,Communication,2023,Bordeaux
Alie,Rooney,Alie.Rooney@icanschool.com,GameArt,2018,Lille
Marline,Grobe,Marline.Grobe@icanschool.com,Communication,2019,Lille
Audrie,Friede,Audrie.Friede@icanschool.com,GameArt,2023,Bordeaux
Dotty,Noelyn,Dotty.Noelyn@icanschool.com,GameProgramming,2019,Bordeaux
Flo,Atonsah,Flo.Atonsah@icanschool.com,GameArt,2020,Bordeaux
Ilse,Helfand,Ilse.Helfand@icanschool.com,UX,2022,Lille
Jeanna,Edee,Jeanna.Edee@icanschool.com,Web,2019,Lille
Vivia,Poppy,Vivia.Poppy@icanschool.com,GameArt,2018,Paris
Elfreda,Fleeta,Elfreda.Fleeta@icanschool.com,GameProgramming,2022,Bordeaux
Jordan,Eldrid,Jordan.Eldrid@icanschool.com,GameDesign,2021,Bordeaux
Aurore,Carmena,Aurore.Carmena@icanschool.com,GameProgramming,2020,Bordeaux
Paola,Jena,Paola.Jena@icanschool.com,UX,2022,Bordeaux
Silvana,Linskey,Silvana.Linskey@icanschool.com,Communication,2021,Lille
Lolita,Raychel,Lolita.Raychel@icanschool.com,GameArt,2022,Bordeaux
Gianina,Mich,Gianina.Mich@icanschool.com,Web,2019,Paris
Teriann,Donoghue,Teriann.Donoghue@icanschool.com,Web,2020,Bordeaux
Cassandra,Bevin,Cassandra.Bevin@icanschool.com,Web,2018,Lille
Dale,Lilybelle,Dale.Lilybelle@icanschool.com,BD,2021,Lille
Donetta,Darbie,Donetta.Darbie@icanschool.com,Web,2023,Lyon
Britni,Rustice,Britni.Rustice@icanschool.com,GameDesign,2020,Lille
Oona,Cleavland,Oona.Cleavland@icanschool.com,GameArt,2018,Lyon
Anthia,Weaks,Anthia.Weaks@icanschool.com,GameDesign,2020,Bordeaux
Dennie,Jess,Dennie.Jess@icanschool.com,GameArt,2020,Bordeaux
Morganica,Terrence,Morganica.Terrence@icanschool.com,GameDesign,2020,Paris
Barbi,Ricki,Barbi.Ricki@icanschool.com,Web,2021,Lille
Ketti,Gabrielli,Ketti.Gabrielli@icanschool.com,BD,2018,Paris
Atlanta,Means,Atlanta.Means@icanschool.com,BD,2018,Lille
Nessie,Ulphia,Nessie.Ulphia@icanschool.com,UX,2019,Lyon
Tilly,Adalbert,Tilly.Adalbert@icanschool.com,BD,2019,Lille
Corina,Clara,Corina.Clara@icanschool.com,UX,2023,Paris
Felice,Hilbert,Felice.Hilbert@icanschool.com,GameProgramming,2020,Bordeaux
Evita,Tarrant,Evita.Tarrant@icanschool.com,Web,2021,Lille
Robbi,Pulsifer,Robbi.Pulsifer@icanschool.com,Communication,2021,Paris
Hettie,Hilbert,Hettie.Hilbert@icanschool.com,GameArt,2018,Paris
Gianina,Roumell,Gianina.Roumell@icanschool.com,GameDesign,2022,Bordeaux
Nariko,Vanni,Nariko.Vanni@icanschool.com,UX,2023,Lyon
Deloria,Leopold,Deloria.Leopold@icanschool.com,BD,2023,Paris
Tierney,Woodberry,Tierney.Woodberry@icanschool.com,BD,2019,Lille
Marnia,Schalles,Marnia.Schalles@icanschool.com,Communication,2023,Lyon
Neila,Richers,Neila.Richers@icanschool.com,UX,2021,Lyon
Kenna,Gerge,Kenna.Gerge@icanschool.com,Web,2021,Lille
Dacia,Briney,Dacia.Briney@icanschool.com,GameArt,2021,Paris
Cindelyn,Gamaliel,Cindelyn.Gamaliel@icanschool.com,GameArt,2019,Paris
Debee,Killigrew,Debee.Killigrew@icanschool.com,UX,2018,Lyon
Aubrie,Cynar,Aubrie.Cynar@icanschool.com,GameProgramming,2019,Paris
Daphne,Karl,Daphne.Karl@icanschool.com,GameProgramming,2018,Bordeaux
Carilyn,Leifeste,Carilyn.Leifeste@icanschool.com,UX,2023,Bordeaux
Jeanna,Ariella,Jeanna.Ariella@icanschool.com,UX,2023,Bordeaux
Teddie,Radu,Teddie.Radu@icanschool.com,GameProgramming,2020,Paris
Camile,Brian,Camile.Brian@icanschool.com,Communication,2021,Paris
Romona,Tjon,Romona.Tjon@icanschool.com,UX,2021,Bordeaux
Joelly,Septima,Joelly.Septima@icanschool.com,GameArt,2018,Lyon
Rosabelle,Tremayne,Rosabelle.Tremayne@icanschool.com,GameProgramming,2019,Lille
Maud,Hutchison,Maud.Hutchison@icanschool.com,Web,2018,Lille
Vonny,Wolfgram,Vonny.Wolfgram@icanschool.com,GameArt,2021,Bordeaux
Orsola,August,Orsola.August@icanschool.com,Web,2019,Lyon
Chere,Montgomery,Chere.Montgomery@icanschool.com,GameDesign,2023,Lyon
Myriam,Couture,Myriam.Couture@icanschool.com,GameArt,2023,Lyon
Dorthy,Llovera,Dorthy.Llovera@icanschool.com,GameProgramming,2022,Paris
Marita,Minetta,Marita.Minetta@icanschool.com,GameDesign,2019,Bordeaux
Imojean,Campball,Imojean.Campball@icanschool.com,UX,2022,Lyon
Emma,Malvino,Emma.Malvino@icanschool.com,UX,2023,Paris
Binny,Gibbeon,Binny.Gibbeon@icanschool.com,GameArt,2020,Lyon
Kelly,McAdams,Kelly.McAdams@icanschool.com,GameDesign,2023,Bordeaux
Fanchon,Seumas,Fanchon.Seumas@icanschool.com,GameProgramming,2021,Paris
Keelia,Brieta,Keelia.Brieta@icanschool.com,GameDesign,2023,Paris
Elfreda,Pip,Elfreda.Pip@icanschool.com,Web,2021,Lille
Darlleen,Bryna,Darlleen.Bryna@icanschool.com,GameProgramming,2019,Bordeaux
Caressa,Vilma,Caressa.Vilma@icanschool.com,GameDesign,2018,Lille
Caryl,Sabella,Caryl.Sabella@icanschool.com,GameDesign,2018,Lyon
Agnese,Ledah,Agnese.Ledah@icanschool.com,GameArt,2018,Paris
Dorice,Koziara,Dorice.Koziara@icanschool.com,Web,2020,Paris
Corene,Seligman,Corene.Seligman@icanschool.com,BD,2019,Lyon
Sidoney,Aloise,Sidoney.Aloise@icanschool.com,GameProgramming,2018,Lyon
Catrina,Cherianne,Catrina.Cherianne@icanschool.com,GameDesign,2021,Lyon
Anestassia,Waite,Anestassia.Waite@icanschool.com,Web,2018,Lyon
Yetty,Natalia,Yetty.Natalia@icanschool.com,Communication,2023,Paris
Flory,Anastatius,Flory.Anastatius@icanschool.com,GameDesign,2018,Paris
Noelle,Charmine,Noelle.Charmine@icanschool.com,UX,2022,Paris
Rayna,Goldina,Rayna.Goldina@icanschool.com,BD,2023,Paris
Fawne,Burnside,Fawne.Burnside@icanschool.com,GameDesign,2023,Bordeaux
Gale,Annabella,Gale.Annabella@icanschool.com,Communication,2023,Lille
Elmira,Kauppi,Elmira.Kauppi@icanschool.com,GameProgramming,2021,Lyon
Drucie,Freddi,Drucie.Freddi@icanschool.com,GameArt,2021,Lille
Jean,Durante,Jean.Durante@icanschool.com,GameArt,2018,Paris
Laure,Oriana,Laure.Oriana@icanschool.com,Web,2019,Lille
Brandise,An,Brandise.An@icanschool.com,GameDesign,2018,Lyon
Ruthe,Wilkinson,Ruthe.Wilkinson@icanschool.com,UX,2019,Lille
Dari,Lytton,Dari.Lytton@icanschool.com,Web,2019,Lyon
Alejandra,Bergman,Alejandra.Bergman@icanschool.com,Web,2022,Lyon
Siana,Freddi,Siana.Freddi@icanschool.com,GameArt,2018,Bordeaux
Therine,Auberbach,Therine.Auberbach@icanschool.com,GameProgramming,2021,Paris
Tierney,Carvey,Tierney.Carvey@icanschool.com,BD,2018,Lyon
Shirlee,Yorick,Shirlee.Yorick@icanschool.com,Communication,2018,Paris
Ann-Marie,Amasa,Ann-Marie.Amasa@icanschool.com,Communication,2020,Lyon
Briney,Haymes,Briney.Haymes@icanschool.com,GameArt,2018,Bordeaux
Amii,Ranjiv,Amii.Ranjiv@icanschool.com,Web,2021,Lyon
Amalie,Corilla,Amalie.Corilla@icanschool.com,UX,2023,Lille
Latisha,Pip,Latisha.Pip@icanschool.com,GameProgramming,2020,Bordeaux
Glenda,Ax,Glenda.Ax@icanschool.com,Web,2023,Lyon
Sherrie,Tatianas,Sherrie.Tatianas@icanschool.com,Web,2018,Lyon
Mireielle,Parette,Mireielle.Parette@icanschool.com,GameArt,2022,Lille
Cristabel,Kannry,Cristabel.Kannry@icanschool.com,GameDesign,2021,Lyon
Aurore,Bethany,Aurore.Bethany@icanschool.com,GameArt,2023,Bordeaux
Tina,Old,Tina.Old@icanschool.com,GameProgramming,2022,Paris
Kirstin,Knowling,Kirstin.Knowling@icanschool.com,Web,2020,Paris
Dotty,Nance,Dotty.Nance@icanschool.com,BD,2021,Paris
Marline,Quinn,Marline.Quinn@icanschool.com,GameDesign,2023,Paris
Amalie,Niles,Amalie.Niles@icanschool.com,BD,2021,Lyon
Lanae,Mott,Lanae.Mott@icanschool.com,Web,2021,Lyon
Fanchon,Evangelia,Fanchon.Evangelia@icanschool.com,GameArt,2021,Bordeaux
Tybie,Alarise,Tybie.Alarise@icanschool.com,BD,2019,Paris
Riannon,Ackerley,Riannon.Ackerley@icanschool.com,BD,2021,Paris
Corina,Amadas,Corina.Amadas@icanschool.com,Web,2022,Bordeaux
Drucie,Himelman,Drucie.Himelman@icanschool.com,GameProgramming,2018,Paris
Marnia,Forrer,Marnia.Forrer@icanschool.com,Web,2021,Lyon
Chastity,Peonir,Chastity.Peonir@icanschool.com,Communication,2022,Paris
Silvana,McClimans,Silvana.McClimans@icanschool.com,Communication,2023,Lille
Marita,Cynar,Marita.Cynar@icanschool.com,Web,2021,Lyon
Jany,Dahlia,Jany.Dahlia@icanschool.com,UX,2021,Lyon
Eugine,Quent,Eugine.Quent@icanschool.com,Web,2023,Lille
Lilith,Macey,Lilith.Macey@icanschool.com,BD,2021,Lille
Juliane,Durante,Juliane.Durante@icanschool.com,GameProgramming,2022,Bordeaux
Ezmeralda,Andrel,Ezmeralda.Andrel@icanschool.com,Web,2021,Paris
Oona,Alarise,Oona.Alarise@icanschool.com,Communication,2022,Paris
Dania,Phi,Dania.Phi@icanschool.com,GameDesign,2021,Bordeaux
Dorice,Gino,Dorice.Gino@icanschool.com,GameArt,2020,Lyon
Deedee,Dalli,Deedee.Dalli@icanschool.com,Web,2020,Lyon
Nataline,Rosalba,Nataline.Rosalba@icanschool.com,GameArt,2019,Lille
Ana,Roche,Ana.Roche@icanschool.com,Web,2020,Bordeaux
Tori,Harday,Tori.Harday@icanschool.com,BD,2020,Lille
Elora,Pierette,Elora.Pierette@icanschool.com,BD,2023,Paris
Esmeralda,Graig,Esmeralda.Graig@icanschool.com,GameDesign,2020,Bordeaux
Kassey,Oriana,Kassey.Oriana@icanschool.com,Web,2021,Paris
Elmira,Sallyann,Elmira.Sallyann@icanschool.com,BD,2018,Bordeaux
Rivalee,Ehrman,Rivalee.Ehrman@icanschool.com,Communication,2022,Paris
Valli,Lutero,Valli.Lutero@icanschool.com,GameArt,2022,Lille
Maisey,Breed,Maisey.Breed@icanschool.com,GameProgramming,2021,Paris
Bobinette,Evangelia,Bobinette.Evangelia@icanschool.com,GameDesign,2022,Bordeaux
Emmey,Libna,Emmey.Libna@icanschool.com,Communication,2018,Lille
Bettine,Codding,Bettine.Codding@icanschool.com,Communication,2018,Lyon
Linzy,Campball,Linzy.Campball@icanschool.com,GameDesign,2021,Lille
Darlleen,Afton,Darlleen.Afton@icanschool.com,Communication,2023,Lyon
Ginnie,Tufts,Ginnie.Tufts@icanschool.com,Web,2023,Paris
Raquela,Sacken,Raquela.Sacken@icanschool.com,UX,2018,Lyon
Andeee,Annice,Andeee.Annice@icanschool.com,Communication,2023,Paris
Evaleen,Hull,Evaleen.Hull@icanschool.com,GameProgramming,2019,Lille
Frank,Rugen,Frank.Rugen@icanschool.com,GameDesign,2021,Paris
Lorie,Christine,Lorie.Christine@icanschool.com,Communication,2020,Lyon
Shirlee,Dorcy,Shirlee.Dorcy@icanschool.com,BD,2023,Bordeaux
Tamqrah,Mathilde,Tamqrah.Mathilde@icanschool.com,GameArt,2019,Lyon
Tina,Kussell,Tina.Kussell@icanschool.com,BD,2019,Lille
Bobinette,Diogenes,Bobinette.Diogenes@icanschool.com,UX,2019,Lille
Tiffie,Pacorro,Tiffie.Pacorro@icanschool.com,GameArt,2022,Bordeaux
Heddie,Ietta,Heddie.Ietta@icanschool.com,UX,2023,Lyon
Andree,Sherfield,Andree.Sherfield@icanschool.com,Web,2019,Lille
Darci,Stevy,Darci.Stevy@icanschool.com,BD,2019,Bordeaux
Silvana,Alejoa,Silvana.Alejoa@icanschool.com,BD,2022,Lille
Ira,Carmena,Ira.Carmena@icanschool.com,GameArt,2022,Bordeaux
Gilligan,Brandice,Gilligan.Brandice@icanschool.com,UX,2018,Paris
Brynna,Hessler,Brynna.Hessler@icanschool.com,GameArt,2022,Paris
Evaleen,Hertzfeld,Evaleen.Hertzfeld@icanschool.com,GameArt,2019,Bordeaux
Shauna,Rodmann,Shauna.Rodmann@icanschool.com,GameProgramming,2018,Lyon
Karly,Haymes,Karly.Haymes@icanschool.com,GameArt,2023,Lille
Hermione,Winthorpe,Hermione.Winthorpe@icanschool.com,Communication,2020,Bordeaux
Juliane,Urias,Juliane.Urias@icanschool.com,GameDesign,2020,Paris
Adelle,Wadell,Adelle.Wadell@icanschool.com,BD,2022,Lyon
Vere,Arvo,Vere.Arvo@icanschool.com,GameArt,2023,Paris
Carmela,Clywd,Carmela.Clywd@icanschool.com,UX,2019,Lyon
Corene,Yate,Corene.Yate@icanschool.com,GameDesign,2020,Lille
Annabela,Toni,Annabela.Toni@icanschool.com,GameProgramming,2018,Lyon
Katleen,Emerson,Katleen.Emerson@icanschool.com,Web,2018,Paris
Celestyna,Ball,Celestyna.Ball@icanschool.com,GameProgramming,2019,Paris
Leontine,Secrest,Leontine.Secrest@icanschool.com,BD,2020,Lyon
Aigneis,Brady,Aigneis.Brady@icanschool.com,GameDesign,2020,Lille
Liana,Ulphia,Liana.Ulphia@icanschool.com,UX,2021,Paris
Kaia,Edvard,Kaia.Edvard@icanschool.com,GameDesign,2019,Paris
Margarette,Gale,Margarette.Gale@icanschool.com,Web,2018,Lyon
Britte,Ajay,Britte.Ajay@icanschool.com,Web,2018,Lille
Janey,Tybald,Janey.Tybald@icanschool.com,Communication,2022,Paris
Melanie,Miru,Melanie.Miru@icanschool.com,Web,2020,Bordeaux
Ursulina,Tjon,Ursulina.Tjon@icanschool.com,UX,2022,Lyon
Rozele,Hachmin,Rozele.Hachmin@icanschool.com,GameProgramming,2021,Lille
Etta,Koehler,Etta.Koehler@icanschool.com,Communication,2020,Paris
Siana,Fillbert,Siana.Fillbert@icanschool.com,GameProgramming,2021,Bordeaux
Mara,Erlandson,Mara.Erlandson@icanschool.com,Web,2020,Bordeaux
Norine,Aaberg,Norine.Aaberg@icanschool.com,Communication,2019,Lyon
Bibby,Wu,Bibby.Wu@icanschool.com,GameArt,2019,Lyon
Xylina,Reinke,Xylina.Reinke@icanschool.com,BD,2022,Bordeaux
Caritta,Sibyls,Caritta.Sibyls@icanschool.com,GameArt,2019,Lyon
Amii,Rubie,Amii.Rubie@icanschool.com,GameProgramming,2023,Lyon
Lizzie,Abram,Lizzie.Abram@icanschool.com,Communication,2018,Paris
June,Juliet,June.Juliet@icanschool.com,Communication,2018,Bordeaux
Georgina,Karl,Georgina.Karl@icanschool.com,Communication,2022,Lille
Vevay,Anestassia,Vevay.Anestassia@icanschool.com,BD,2019,Bordeaux
Ingrid,Roscoe,Ingrid.Roscoe@icanschool.com,Web,2018,Lyon
Carly,Solitta,Carly.Solitta@icanschool.com,Web,2018,Lyon
Aryn,Hourigan,Aryn.Hourigan@icanschool.com,Web,2023,Lille
Kimberley,Ailyn,Kimberley.Ailyn@icanschool.com,BD,2022,Lyon
Ericka,Lipson,Ericka.Lipson@icanschool.com,GameProgramming,2022,Lyon
Concettina,Ephrem,Concettina.Ephrem@icanschool.com,BD,2021,Lyon
Ulrike,Korey,Ulrike.Korey@icanschool.com,BD,2019,Bordeaux
Mara,Boycey,Mara.Boycey@icanschool.com,GameArt,2018,Paris
Moyna,Sigfrid,Moyna.Sigfrid@icanschool.com,GameArt,2021,Lille
Marcelline,Amadas,Marcelline.Amadas@icanschool.com,Communication,2023,Paris
Kelly,Radu,Kelly.Radu@icanschool.com,GameDesign,2023,Bordeaux
Paule,Plato,Paule.Plato@icanschool.com,GameArt,2020,Lille
Melisent,Koziara,Melisent.Koziara@icanschool.com,GameArt,2023,Lille
Mureil,Cottle,Mureil.Cottle@icanschool.com,Web,2019,Paris
Cathie,Kravits,Cathie.Kravits@icanschool.com,GameArt,2018,Lille
Dennie,Urania,Dennie.Urania@icanschool.com,Web,2021,Lille
Briney,Dichy,Briney.Dichy@icanschool.com,GameDesign,2018,Lyon
Laure,Moseley,Laure.Moseley@icanschool.com,Communication,2018,Bordeaux
Dede,Lunsford,Dede.Lunsford@icanschool.com,GameArt,2021,Lille
Halette,O'Carroll,Halette.O'Carroll@icanschool.com,Communication,2018,Lille
Jemie,Pozzy,Jemie.Pozzy@icanschool.com,Web,2019,Lille
Karlee,Drus,Karlee.Drus@icanschool.com,Web,2022,Lyon
Margalo,Lewes,Margalo.Lewes@icanschool.com,GameDesign,2020,Lille
Monika,Yorick,Monika.Yorick@icanschool.com,BD,2018,Paris
Kamilah,Ax,Kamilah.Ax@icanschool.com,Web,2018,Lille
Silvana,Guildroy,Silvana.Guildroy@icanschool.com,GameArt,2019,Lille
Bobinette,Aurelio,Bobinette.Aurelio@icanschool.com,Web,2021,Bordeaux
Shauna,Dyche,Shauna.Dyche@icanschool.com,GameDesign,2019,Bordeaux
Betta,Edmund,Betta.Edmund@icanschool.com,Web,2023,Lyon
Patricia,Aida,Patricia.Aida@icanschool.com,BD,2019,Paris
Elise,Mozelle,Elise.Mozelle@icanschool.com,GameArt,2019,Paris
Stacey,Alisia,Stacey.Alisia@icanschool.com,UX,2023,Lyon
Roxane,Rozanna,Roxane.Rozanna@icanschool.com,BD,2019,Lille
Wileen,Carlson,Wileen.Carlson@icanschool.com,GameArt,2018,Bordeaux
Orelia,Aurelio,Orelia.Aurelio@icanschool.com,GameDesign,2019,Bordeaux
Carly,LaRue,Carly.LaRue@icanschool.com,BD,2019,Paris
Hannis,Rona,Hannis.Rona@icanschool.com,Web,2021,Bordeaux
Gusty,Dom,Gusty.Dom@icanschool.com,GameProgramming,2019,Bordeaux
Gianina,Decato,Gianina.Decato@icanschool.com,Web,2018,Lyon
Mamie,Hoban,Mamie.Hoban@icanschool.com,BD,2020,Lille
Corly,Angelis,Corly.Angelis@icanschool.com,Web,2020,Lille
Debee,Philipp,Debee.Philipp@icanschool.com,GameArt,2022,Lyon
Shannah,Si,Shannah.Si@icanschool.com,Communication,2023,Paris
Kassey,Esmaria,Kassey.Esmaria@icanschool.com,GameArt,2019,Paris
Wynne,Charmine,Wynne.Charmine@icanschool.com,UX,2018,Lille
Joleen,Bonilla,Joleen.Bonilla@icanschool.com,GameProgramming,2023,Lille
Karena,Riva,Karena.Riva@icanschool.com,GameArt,2020,Paris
Chere,Weinreb,Chere.Weinreb@icanschool.com,GameArt,2022,Lyon
Kenna,Donell,Kenna.Donell@icanschool.com,BD,2023,Paris
Anestassia,Durante,Anestassia.Durante@icanschool.com,GameDesign,2018,Paris
Alie,Franza,Alie.Franza@icanschool.com,UX,2018,Lyon
Lily,Shuler,Lily.Shuler@icanschool.com,Communication,2021,Paris
Cacilie,Quent,Cacilie.Quent@icanschool.com,GameArt,2020,Lille
Ana,Roarke,Ana.Roarke@icanschool.com,Web,2022,Lille
Shel,Estella,Shel.Estella@icanschool.com,Communication,2020,Paris
Rebeca,Glenden,Rebeca.Glenden@icanschool.com,GameDesign,2022,Bordeaux
Jerry,Vilma,Jerry.Vilma@icanschool.com,Web,2020,Bordeaux
Tarra,Tippets,Tarra.Tippets@icanschool.com,Web,2022,Lille
Daphne,Bates,Daphne.Bates@icanschool.com,GameArt,2023,Lyon
Leona,Blake,Leona.Blake@icanschool.com,BD,2022,Lille
Korrie,Blisse,Korrie.Blisse@icanschool.com,GameArt,2020,Lille
Veda,Brunell,Veda.Brunell@icanschool.com,GameDesign,2018,Bordeaux
Siana,Ader,Siana.Ader@icanschool.com,GameArt,2018,Lyon
Bobinette,Zuzana,Bobinette.Zuzana@icanschool.com,GameProgramming,2018,Paris
Harrietta,Crudden,Harrietta.Crudden@icanschool.com,Web,2021,Lille
Feliza,Marsden,Feliza.Marsden@icanschool.com,Communication,2021,Lille
Myrtice,Wu,Myrtice.Wu@icanschool.com,BD,2020,Paris
Lanae,Garrison,Lanae.Garrison@icanschool.com,UX,2022,Bordeaux
Shirlee,Chabot,Shirlee.Chabot@icanschool.com,BD,2018,Lille
Jean,Ivens,Jean.Ivens@icanschool.com,GameDesign,2019,Paris
Talya,Margret,Talya.Margret@icanschool.com,Communication,2018,Paris
Hettie,Dearborn,Hettie.Dearborn@icanschool.com,UX,2021,Lille
Brietta,Kesley,Brietta.Kesley@icanschool.com,UX,2022,Lyon
Andeee,Raul,Andeee.Raul@icanschool.com,UX,2018,Paris
Sherrie,Cohdwell,Sherrie.Cohdwell@icanschool.com,GameArt,2018,Lille
Tori,Michella,Tori.Michella@icanschool.com,Web,2023,Lyon
Melisent,Schonfeld,Melisent.Schonfeld@icanschool.com,Communication,2021,Bordeaux
Violet,Madaih,Violet.Madaih@icanschool.com,Communication,2021,Lyon
Jacquetta,Radu,Jacquetta.Radu@icanschool.com,BD,2023,Lyon
Jacenta,Lea,Jacenta.Lea@icanschool.com,Communication,2021,Paris
Sheree,Schenck,Sheree.Schenck@icanschool.com,UX,2020,Paris
Lyssa,Rossner,Lyssa.Rossner@icanschool.com,Communication,2022,Bordeaux
Jessamyn,Chinua,Jessamyn.Chinua@icanschool.com,UX,2020,Lyon
Carolina,Maroney,Carolina.Maroney@icanschool.com,UX,2018,Paris
Neila,Gregrory,Neila.Gregrory@icanschool.com,Web,2022,Paris
Elbertina,Hepsibah,Elbertina.Hepsibah@icanschool.com,GameProgramming,2021,Lille
Selia,Chinua,Selia.Chinua@icanschool.com,GameDesign,2019,Lille
Stephanie,Brittani,Stephanie.Brittani@icanschool.com,GameArt,2018,Bordeaux
Judy,Wandie,Judy.Wandie@icanschool.com,GameProgramming,2019,Paris
Arabel,Lorain,Arabel.Lorain@icanschool.com,Communication,2018,Lille
Eve,Wenoa,Eve.Wenoa@icanschool.com,GameDesign,2022,Lyon
Renie,Joli,Renie.Joli@icanschool.com,UX,2020,Lille
Natka,Garlinda,Natka.Garlinda@icanschool.com,Communication,2021,Bordeaux
Liana,Ruvolo,Liana.Ruvolo@icanschool.com,GameArt,2022,Bordeaux
Vivia,Vernier,Vivia.Vernier@icanschool.com,UX,2023,Lyon
Robbi,Bertold,Robbi.Bertold@icanschool.com,GameArt,2021,Lyon
Jerry,Sabella,Jerry.Sabella@icanschool.com,UX,2019,Paris
Christy,Juan,Christy.Juan@icanschool.com,UX,2018,Lille
Nariko,Fleeta,Nariko.Fleeta@icanschool.com,UX,2021,Bordeaux
Rori,Marden,Rori.Marden@icanschool.com,GameDesign,2021,Bordeaux
Allis,Tufts,Allis.Tufts@icanschool.com,GameProgramming,2021,Paris
Lynea,Lory,Lynea.Lory@icanschool.com,GameProgramming,2019,Lyon
Steffane,Sancho,Steffane.Sancho@icanschool.com,UX,2018,Bordeaux
Lynde,Kamaria,Lynde.Kamaria@icanschool.com,Communication,2018,Paris
Susette,Denis,Susette.Denis@icanschool.com,Web,2020,Bordeaux
Cyndie,Alarise,Cyndie.Alarise@icanschool.com,Communication,2021,Lyon
Christal,Campball,Christal.Campball@icanschool.com,Web,2019,Lille
Pierette,Rustice,Pierette.Rustice@icanschool.com,GameArt,2022,Lille
Rosanne,Pearse,Rosanne.Pearse@icanschool.com,Communication,2018,Lyon
Starla,Glovsky,Starla.Glovsky@icanschool.com,GameArt,2019,Lille
Ermengarde,Sisile,Ermengarde.Sisile@icanschool.com,GameDesign,2022,Lille
Melodie,Hortensia,Melodie.Hortensia@icanschool.com,GameArt,2023,Lille
Jolyn,Tryck,Jolyn.Tryck@icanschool.com,GameProgramming,2020,Lyon
Paule,Gwenore,Paule.Gwenore@icanschool.com,GameArt,2019,Lille
Zsa Zsa,Hashim,Zsa Zsa.Hashim@icanschool.com,BD,2018,Paris
Gaylene,Stav,Gaylene.Stav@icanschool.com,GameDesign,2022,Bordeaux
Gisela,Mayeda,Gisela.Mayeda@icanschool.com,Web,2019,Lyon
Aurore,Bultman,Aurore.Bultman@icanschool.com,UX,2018,Lyon
Cordi,Fosque,Cordi.Fosque@icanschool.com,UX,2018,Bordeaux
Cathie,Cloris,Cathie.Cloris@icanschool.com,Web,2019,Paris
Catrina,Mintz,Catrina.Mintz@icanschool.com,GameArt,2019,Bordeaux
Correy,Gert,Correy.Gert@icanschool.com,GameDesign,2018,Lille
Lorenza,Gert,Lorenza.Gert@icanschool.com,UX,2018,Lyon
Charlena,Fontana,Charlena.Fontana@icanschool.com,GameDesign,2022,Lille
Dari,Codding,Dari.Codding@icanschool.com,BD,2023,Lille
Tressa,Henebry,Tressa.Henebry@icanschool.com,GameArt,2019,Lille
Eugine,Breed,Eugine.Breed@icanschool.com,GameProgramming,2021,Bordeaux
Maud,Read,Maud.Read@icanschool.com,UX,2022,Bordeaux
Jinny,Vernier,Jinny.Vernier@icanschool.com,BD,2019,Bordeaux
Cecile,Sammons,Cecile.Sammons@icanschool.com,BD,2020,Lyon
Dorice,Dominy,Dorice.Dominy@icanschool.com,GameArt,2022,Lille
Katleen,Georgy,Katleen.Georgy@icanschool.com,GameDesign,2023,Bordeaux
Flory,Elvyn,Flory.Elvyn@icanschool.com,GameDesign,2022,Paris
Eugine,Fennessy,Eugine.Fennessy@icanschool.com,GameArt,2018,Lyon
Lizzie,Sundin,Lizzie.Sundin@icanschool.com,UX,2020,Bordeaux
Daphne,Zamora,Daphne.Zamora@icanschool.com,GameDesign,2021,Lyon
Sharai,Nore,Sharai.Nore@icanschool.com,UX,2021,Bordeaux
Robinia,Tillford,Robinia.Tillford@icanschool.com,Communication,2018,Bordeaux
Ermengarde,Fiester,Ermengarde.Fiester@icanschool.com,Web,2023,Paris
Peri,Esmaria,Peri.Esmaria@icanschool.com,Communication,2019,Lyon
Gaylene,Ardeha,Gaylene.Ardeha@icanschool.com,Web,2023,Paris
Netty,Bonucci,Netty.Bonucci@icanschool.com,GameArt,2019,Bordeaux
Regina,Mich,Regina.Mich@icanschool.com,GameProgramming,2021,Paris
Malina,Cimbura,Malina.Cimbura@icanschool.com,UX,2018,Lyon
Judy,Gamaliel,Judy.Gamaliel@icanschool.com,GameDesign,2018,Lyon
Sindee,Darrell,Sindee.Darrell@icanschool.com,GameProgramming,2021,Lille
Melisent,Ricki,Melisent.Ricki@icanschool.com,GameArt,2018,Lyon
Glynnis,Timon,Glynnis.Timon@icanschool.com,Communication,2018,Lyon
Max,Han,Max.Han@icanschool.com,GameArt,2018,Paris
Bertine,Gamaliel,Bertine.Gamaliel@icanschool.com,BD,2020,Paris
Shaylyn,Berard,Shaylyn.Berard@icanschool.com,UX,2021,Lyon
Cristine,Wind,Cristine.Wind@icanschool.com,Web,2023,Lille
Kaia,Bethany,Kaia.Bethany@icanschool.com,Web,2022,Lille
Darci,Fadiman,Darci.Fadiman@icanschool.com,GameProgramming,2022,Paris
Fawne,Dahlia,Fawne.Dahlia@icanschool.com,GameArt,2018,Bordeaux
Jenilee,Gino,Jenilee.Gino@icanschool.com,GameArt,2022,Lille
Paule,Nerita,Paule.Nerita@icanschool.com,GameProgramming,2023,Lille
Briney,Jacobah,Briney.Jacobah@icanschool.com,GameProgramming,2023,Bordeaux
Sandie,Nisbet,Sandie.Nisbet@icanschool.com,Communication,2018,Lyon
Moyna,Velick,Moyna.Velick@icanschool.com,GameDesign,2018,Lyon
Robinia,Charity,Robinia.Charity@icanschool.com,UX,2021,Lyon
Melodie,Lowry,Melodie.Lowry@icanschool.com,BD,2020,Bordeaux
Kore,McCutcheon,Kore.McCutcheon@icanschool.com,GameDesign,2019,Lyon
Selma,Bettine,Selma.Bettine@icanschool.com,GameProgramming,2020,Paris
Demetris,Shaddock,Demetris.Shaddock@icanschool.com,GameProgramming,2019,Paris
Tori,Burch,Tori.Burch@icanschool.com,Communication,2018,Bordeaux
Gerrie,Cecile,Gerrie.Cecile@icanschool.com,Communication,2020,Paris
Briney,Pozzy,Briney.Pozzy@icanschool.com,UX,2021,Lille
Bill,Latini,Bill.Latini@icanschool.com,Web,2018,Lyon
Glynnis,Roarke,Glynnis.Roarke@icanschool.com,BD,2019,Bordeaux
Elfreda,Jalbert,Elfreda.Jalbert@icanschool.com,GameProgramming,2019,Bordeaux
Kirstin,Latini,Kirstin.Latini@icanschool.com,UX,2018,Paris
Kathi,Seumas,Kathi.Seumas@icanschool.com,BD,2019,Lille
Mureil,Anselmi,Mureil.Anselmi@icanschool.com,Communication,2018,Bordeaux
Thalia,Longfellow,Thalia.Longfellow@icanschool.com,GameArt,2019,Lille
Camile,Girardo,Camile.Girardo@icanschool.com,BD,2020,Paris
Shirlee,Goddard,Shirlee.Goddard@icanschool.com,BD,2021,Bordeaux
Myrtice,Trey,Myrtice.Trey@icanschool.com,GameArt,2018,Lille
Riannon,Engdahl,Riannon.Engdahl@icanschool.com,UX,2023,Lyon
Betta,Noman,Betta.Noman@icanschool.com,Communication,2018,Lyon
Jere,Kesley,Jere.Kesley@icanschool.com,BD,2022,Paris
Dorice,Markman,Dorice.Markman@icanschool.com,Communication,2020,Lille
Molli,Krystle,Molli.Krystle@icanschool.com,Web,2020,Lyon
Dede,Raychel,Dede.Raychel@icanschool.com,BD,2021,Bordeaux
Blinni,Cherianne,Blinni.Cherianne@icanschool.com,GameArt,2021,Lille
Celisse,Etom,Celisse.Etom@icanschool.com,UX,2020,Paris
Flory,Eldrid,Flory.Eldrid@icanschool.com,GameDesign,2020,Lyon
Valli,Glovsky,Valli.Glovsky@icanschool.com,GameArt,2018,Lille
Madalyn,Land,Madalyn.Land@icanschool.com,GameArt,2019,Lyon
Kaja,Zitvaa,Kaja.Zitvaa@icanschool.com,BD,2022,Paris
Sallie,Duwalt,Sallie.Duwalt@icanschool.com,UX,2022,Paris
Devina,Teryn,Devina.Teryn@icanschool.com,GameProgramming,2020,Lyon
Janis,Jehu,Janis.Jehu@icanschool.com,GameProgramming,2019,Paris
Lucy,Simmonds,Lucy.Simmonds@icanschool.com,UX,2023,Bordeaux
Renie,Drus,Renie.Drus@icanschool.com,BD,2019,Lille
Layla,Nedrud,Layla.Nedrud@icanschool.com,GameProgramming,2022,Bordeaux
Ronna,Tryck,Ronna.Tryck@icanschool.com,Web,2020,Lille
Marsiella,Read,Marsiella.Read@icanschool.com,UX,2021,Lyon
Delilah,Hartnett,Delilah.Hartnett@icanschool.com,Communication,2023,Bordeaux
Nadine,Fitzsimmons,Nadine.Fitzsimmons@icanschool.com,GameDesign,2019,Lille
Ekaterina,Peti,Ekaterina.Peti@icanschool.com,UX,2019,Bordeaux
Valera,Lea,Valera.Lea@icanschool.com,Communication,2018,Lille
Hermione,Rurik,Hermione.Rurik@icanschool.com,UX,2022,Lyon
Shaine,Linskey,Shaine.Linskey@icanschool.com,BD,2022,Lille
Desirae,Koziara,Desirae.Koziara@icanschool.com,GameProgramming,2022,Lille
Arabel,Annabella,Arabel.Annabella@icanschool.com,Communication,2020,Lille
Riannon,Chandler,Riannon.Chandler@icanschool.com,GameArt,2021,Lille
Abbie,McNully,Abbie.McNully@icanschool.com,Communication,2022,Lille
Rivalee,Moseley,Rivalee.Moseley@icanschool.com,Communication,2018,Lille
Kimmy,Herrera,Kimmy.Herrera@icanschool.com,GameArt,2018,Paris
Bettine,Lindemann,Bettine.Lindemann@icanschool.com,UX,2019,Paris
Korrie,Haymes,Korrie.Haymes@icanschool.com,GameArt,2019,Lyon
Kial,Rhu,Kial.Rhu@icanschool.com,GameProgramming,2019,Lille
Tilly,Andrel,Tilly.Andrel@icanschool.com,Web,2019,Paris
Nananne,Bonucci,Nananne.Bonucci@icanschool.com,UX,2018,Paris
Kristina,Blake,Kristina.Blake@icanschool.com,UX,2019,Lille
Melisent,Jotham,Melisent.Jotham@icanschool.com,Web,2020,Lille
Brynna,Pip,Brynna.Pip@icanschool.com,GameArt,2022,Bordeaux
Celestyna,Khorma,Celestyna.Khorma@icanschool.com,UX,2020,Lyon
Blake,Ammann,Blake.Ammann@icanschool.com,Communication,2022,Paris
Mureil,Janene,Mureil.Janene@icanschool.com,BD,2019,Paris
Sandie,Lubin,Sandie.Lubin@icanschool.com,GameDesign,2019,Lille
Ketti,O'Rourke,Ketti.O'Rourke@icanschool.com,UX,2019,Paris
Jany,Francene,Jany.Francene@icanschool.com,GameDesign,2022,Lille
Glynnis,Thar,Glynnis.Thar@icanschool.com,Web,2018,Bordeaux
Nonnah,Leifeste,Nonnah.Leifeste@icanschool.com,Communication,2021,Lille
Jillayne,Baptlsta,Jillayne.Baptlsta@icanschool.com,GameDesign,2023,Bordeaux
Lorie,Mike,Lorie.Mike@icanschool.com,Web,2023,Lyon
Phedra,Chabot,Phedra.Chabot@icanschool.com,GameArt,2020,Paris
Theodora,Pauly,Theodora.Pauly@icanschool.com,GameArt,2020,Paris
Nariko,Ephrem,Nariko.Ephrem@icanschool.com,GameArt,2019,Lyon
Tabbatha,Dermott,Tabbatha.Dermott@icanschool.com,Communication,2022,Lille
Dawn,Kylander,Dawn.Kylander@icanschool.com,Communication,2021,Lille
Evaleen,Carri,Evaleen.Carri@icanschool.com,Web,2021,Paris
Zsa Zsa,Tayib,Zsa Zsa.Tayib@icanschool.com,GameDesign,2022,Lyon
Amelia,Curren,Amelia.Curren@icanschool.com,GameArt,2018,Lille
Margalo,Eben,Margalo.Eben@icanschool.com,GameDesign,2021,Lille
Fanchon,Schonfeld,Fanchon.Schonfeld@icanschool.com,Communication,2022,Paris
Gertrud,Chick,Gertrud.Chick@icanschool.com,GameProgramming,2019,Lyon
Oralee,Alcott,Oralee.Alcott@icanschool.com,BD,2022,Lyon
Antonietta,Stefa,Antonietta.Stefa@icanschool.com,BD,2019,Lille
Corry,Heidt,Corry.Heidt@icanschool.com,GameDesign,2021,Paris
Yolane,Dulciana,Yolane.Dulciana@icanschool.com,Web,2021,Bordeaux
Kirbee,Bethany,Kirbee.Bethany@icanschool.com,Communication,2020,Bordeaux
Kalina,Nickola,Kalina.Nickola@icanschool.com,GameDesign,2021,Lyon
Claudina,Moseley,Claudina.Moseley@icanschool.com,GameDesign,2018,Lille
Dorothy,Meli,Dorothy.Meli@icanschool.com,GameDesign,2022,Bordeaux
Rebeca,Orpah,Rebeca.Orpah@icanschool.com,BD,2020,Bordeaux
Ivett,Alexandr,Ivett.Alexandr@icanschool.com,GameDesign,2020,Lyon
Augustine,Gaulin,Augustine.Gaulin@icanschool.com,Web,2021,Lille
Cathie,Hoban,Cathie.Hoban@icanschool.com,BD,2019,Paris
Katuscha,Jenness,Katuscha.Jenness@icanschool.com,GameArt,2022,Lille
Vivia,Paine,Vivia.Paine@icanschool.com,GameDesign,2020,Lille
Amelia,Tippets,Amelia.Tippets@icanschool.com,BD,2018,Bordeaux
Teriann,Moseley,Teriann.Moseley@icanschool.com,Communication,2022,Lyon
Minda,Raychel,Minda.Raychel@icanschool.com,Communication,2023,Bordeaux
Merrie,Forrer,Merrie.Forrer@icanschool.com,Communication,2022,Bordeaux
Yolane,Earlie,Yolane.Earlie@icanschool.com,UX,2020,Lille
Gianina,Mallon,Gianina.Mallon@icanschool.com,BD,2019,Paris
Marita,Hashim,Marita.Hashim@icanschool.com,GameProgramming,2018,Lyon
Annabela,Henrie,Annabela.Henrie@icanschool.com,UX,2019,Paris
Julieta,Esmaria,Julieta.Esmaria@icanschool.com,GameProgramming,2018,Paris
Tressa,O'Rourke,Tressa.O'Rourke@icanschool.com,UX,2021,Paris
Carolina,Damarra,Carolina.Damarra@icanschool.com,BD,2023,Lille
Clo,Dudley,Clo.Dudley@icanschool.com,GameDesign,2021,Paris
Amara,Dituri,Amara.Dituri@icanschool.com,GameProgramming,2019,Bordeaux
Dorthy,Blake,Dorthy.Blake@icanschool.com,Communication,2023,Lyon
Jennica,Bonilla,Jennica.Bonilla@icanschool.com,GameArt,2018,Lyon
Kellen,Elo,Kellen.Elo@icanschool.com,GameArt,2022,Lyon
Susette,Bevin,Susette.Bevin@icanschool.com,UX,2020,Lyon
Maisey,Bury,Maisey.Bury@icanschool.com,UX,2018,Lille
Ninnetta,Knowling,Ninnetta.Knowling@icanschool.com,UX,2023,Lille
Paola,Koziara,Paola.Koziara@icanschool.com,BD,2021,Lille
Suzette,McGrody,Suzette.McGrody@icanschool.com,GameArt,2022,Lyon
Kathi,Silvan,Kathi.Silvan@icanschool.com,UX,2018,Bordeaux
Donetta,Malina,Donetta.Malina@icanschool.com,GameArt,2018,Paris
Yolane,Baptlsta,Yolane.Baptlsta@icanschool.com,Web,2018,Lyon
Wileen,Ricarda,Wileen.Ricarda@icanschool.com,GameDesign,2019,Paris
Ana,Loeb,Ana.Loeb@icanschool.com,GameDesign,2023,Bordeaux
Leona,Minetta,Leona.Minetta@icanschool.com,GameDesign,2021,Bordeaux
Ardys,Roche,Ardys.Roche@icanschool.com,GameProgramming,2021,Paris
Hope,Phyllis,Hope.Phyllis@icanschool.com,GameProgramming,2022,Paris
Tatiania,Rocray,Tatiania.Rocray@icanschool.com,GameArt,2021,Bordeaux
Jessy,Munn,Jessy.Munn@icanschool.com,GameProgramming,2018,Bordeaux
Lolita,Gillan,Lolita.Gillan@icanschool.com,GameProgramming,2022,Lyon
Thalia,Raama,Thalia.Raama@icanschool.com,GameArt,2020,Bordeaux
Paola,Bow,Paola.Bow@icanschool.com,BD,2021,Lille
Jacenta,Fink,Jacenta.Fink@icanschool.com,Communication,2019,Lyon
Alie,Thornburg,Alie.Thornburg@icanschool.com,Web,2022,Paris
Annora,Corrine,Annora.Corrine@icanschool.com,BD,2019,Lyon
Elbertina,Stilwell,Elbertina.Stilwell@icanschool.com,GameDesign,2021,Paris
Laure,Bow,Laure.Bow@icanschool.com,Web,2018,Lille
Farrah,Bethany,Farrah.Bethany@icanschool.com,Communication,2018,Lille
Emma,Henebry,Emma.Henebry@icanschool.com,Communication,2021,Bordeaux
Carmela,Kesley,Carmela.Kesley@icanschool.com,Web,2021,Lyon
Tilly,Serilda,Tilly.Serilda@icanschool.com,GameArt,2022,Lyon
Jemie,Thar,Jemie.Thar@icanschool.com,Communication,2023,Paris
Cissiee,Shanley,Cissiee.Shanley@icanschool.com,BD,2022,Lille
Veda,Bartlett,Veda.Bartlett@icanschool.com,GameArt,2022,Lyon
Nyssa,Marsden,Nyssa.Marsden@icanschool.com,Web,2021,Lyon
Neila,Jefferey,Neila.Jefferey@icanschool.com,GameProgramming,2019,Lyon
Zsa Zsa,Judye,Zsa Zsa.Judye@icanschool.com,GameDesign,2023,Lyon
Jessamyn,Othilia,Jessamyn.Othilia@icanschool.com,BD,2021,Lille
Nanete,Knowling,Nanete.Knowling@icanschool.com,GameDesign,2021,Bordeaux
Cathyleen,Gordon,Cathyleen.Gordon@icanschool.com,UX,2020,Lyon
Shandie,Guildroy,Shandie.Guildroy@icanschool.com,GameDesign,2018,Lille
Susan,Melan,Susan.Melan@icanschool.com,UX,2022,Paris
Kylynn,Afton,Kylynn.Afton@icanschool.com,GameArt,2019,Paris
Diena,Ruvolo,Diena.Ruvolo@icanschool.com,Web,2021,Lille
Isa,Dulciana,Isa.Dulciana@icanschool.com,GameProgramming,2022,Lille
Eadie,Modie,Eadie.Modie@icanschool.com,GameDesign,2019,Lyon
Camile,Jobi,Camile.Jobi@icanschool.com,GameDesign,2021,Bordeaux
Sandie,Pettiford,Sandie.Pettiford@icanschool.com,UX,2023,Lyon
Nita,Zamora,Nita.Zamora@icanschool.com,BD,2022,Lille
Melina,Hanleigh,Melina.Hanleigh@icanschool.com,BD,2018,Paris
Cassondra,Peti,Cassondra.Peti@icanschool.com,GameDesign,2020,Lyon
Natka,Kathie,Natka.Kathie@icanschool.com,UX,2020,Lille
Tamqrah,Rosette,Tamqrah.Rosette@icanschool.com,GameArt,2022,Paris
Winifred,Saree,Winifred.Saree@icanschool.com,Web,2023,Lille
Nanete,Rosalba,Nanete.Rosalba@icanschool.com,Web,2020,Lille
Selia,Mayeda,Selia.Mayeda@icanschool.com,GameArt,2020,Paris
Daphne,Deegan,Daphne.Deegan@icanschool.com,UX,2021,Bordeaux
Jillayne,Harned,Jillayne.Harned@icanschool.com,BD,2021,Paris
Claresta,Erlandson,Claresta.Erlandson@icanschool.com,GameProgramming,2018,Lille
Rayna,Lilybelle,Rayna.Lilybelle@icanschool.com,Communication,2021,Lille
Julieta,Shaver,Julieta.Shaver@icanschool.com,UX,2019,Paris
Merle,Ambrosia,Merle.Ambrosia@icanschool.com,GameProgramming,2019,Lyon
Bill,Henrie,Bill.Henrie@icanschool.com,GameProgramming,2022,Paris
Regina,Malvino,Regina.Malvino@icanschool.com,GameDesign,2018,Lyon
Elie,Hurley,Elie.Hurley@icanschool.com,Communication,2023,Bordeaux
Jobi,Daveta,Jobi.Daveta@icanschool.com,Web,2020,Paris
Claudina,Engdahl,Claudina.Engdahl@icanschool.com,GameProgramming,2020,Lille
Cathie,Cath,Cathie.Cath@icanschool.com,Web,2023,Lyon
Suzette,Hurley,Suzette.Hurley@icanschool.com,GameDesign,2021,Lyon
Bee,Pattin,Bee.Pattin@icanschool.com,GameProgramming,2019,Lyon
Randa,Suanne,Randa.Suanne@icanschool.com,GameProgramming,2021,Bordeaux
Juliane,Henebry,Juliane.Henebry@icanschool.com,Communication,2022,Paris
Brianna,Ledah,Brianna.Ledah@icanschool.com,BD,2018,Lille
Lily,Mauer,Lily.Mauer@icanschool.com,UX,2020,Lille
Rhea,Terrence,Rhea.Terrence@icanschool.com,Communication,2018,Lille
Perry,Santoro,Perry.Santoro@icanschool.com,Web,2021,Bordeaux
Sissy,Brenn,Sissy.Brenn@icanschool.com,UX,2023,Bordeaux
Raquela,Old,Raquela.Old@icanschool.com,Web,2020,Lyon
Viviene,Melony,Viviene.Melony@icanschool.com,BD,2022,Lille
Tani,Terencio,Tani.Terencio@icanschool.com,GameArt,2018,Lyon
Tomasina,Aurelio,Tomasina.Aurelio@icanschool.com,Communication,2022,Lille
Imojean,Friede,Imojean.Friede@icanschool.com,GameDesign,2021,Paris
Liana,Mayeda,Liana.Mayeda@icanschool.com,GameArt,2021,Paris
Petronia,Stanwood,Petronia.Stanwood@icanschool.com,GameDesign,2021,Bordeaux
Celestyna,Germann,Celestyna.Germann@icanschool.com,BD,2023,Paris
Carolina,Roxanna,Carolina.Roxanna@icanschool.com,GameArt,2022,Lille
Rayna,Marlie,Rayna.Marlie@icanschool.com,GameProgramming,2020,Paris
Stacey,Cassius,Stacey.Cassius@icanschool.com,GameProgramming,2022,Lille
Angelique,Suanne,Angelique.Suanne@icanschool.com,GameArt,2019,Lille
Marita,Pozzy,Marita.Pozzy@icanschool.com,GameProgramming,2019,Lyon
Iseabal,Adrienne,Iseabal.Adrienne@icanschool.com,GameArt,2018,Bordeaux
Roseline,Shelba,Roseline.Shelba@icanschool.com,GameArt,2022,Lille
Susan,Behre,Susan.Behre@icanschool.com,Communication,2019,Paris
Mady,Serilda,Mady.Serilda@icanschool.com,GameProgramming,2021,Lyon
Arlena,An,Arlena.An@icanschool.com,Communication,2018,Paris
Mamie,Middleton,Mamie.Middleton@icanschool.com,GameArt,2019,Paris
Shirlee,Vilma,Shirlee.Vilma@icanschool.com,UX,2020,Lille
Gwenneth,Viddah,Gwenneth.Viddah@icanschool.com,GameDesign,2023,Lille
Mignon,Caitlin,Mignon.Caitlin@icanschool.com,Communication,2022,Lyon
Sharlene,Myrilla,Sharlene.Myrilla@icanschool.com,GameDesign,2022,Paris
Mamie,Riordan,Mamie.Riordan@icanschool.com,GameProgramming,2020,Bordeaux
Quintina,Delp,Quintina.Delp@icanschool.com,GameArt,2020,Lyon
Daune,Craggie,Daune.Craggie@icanschool.com,Web,2023,Bordeaux
Clo,Cristi,Clo.Cristi@icanschool.com,Communication,2018,Bordeaux
Addia,Yam,Addia.Yam@icanschool.com,GameArt,2019,Lyon
Daphne,Kenney,Daphne.Kenney@icanschool.com,GameProgramming,2018,Lille
Shel,Ranjiv,Shel.Ranjiv@icanschool.com,UX,2020,Bordeaux
Libbie,Edvard,Libbie.Edvard@icanschool.com,GameDesign,2022,Paris
Agnese,Mintz,Agnese.Mintz@icanschool.com,GameDesign,2021,Lyon
Gianina,Poll,Gianina.Poll@icanschool.com,GameDesign,2022,Paris
Adelle,Zuzana,Adelle.Zuzana@icanschool.com,GameProgramming,2021,Lille
Lynnea,Karylin,Lynnea.Karylin@icanschool.com,GameDesign,2022,Lille
Joy,Faria,Joy.Faria@icanschool.com,UX,2020,Bordeaux
Ketti,Taam,Ketti.Taam@icanschool.com,UX,2018,Bordeaux
Meg,Havens,Meg.Havens@icanschool.com,UX,2023,Bordeaux
Jaime,Faro,Jaime.Faro@icanschool.com,Communication,2020,Paris
Florencia,Alfons,Florencia.Alfons@icanschool.com,GameArt,2022,Lille
Nanete,Henebry,Nanete.Henebry@icanschool.com,Web,2019,Lille
Neila,Neva,Neila.Neva@icanschool.com,Web,2022,Lyon
Noelle,Marijo,Noelle.Marijo@icanschool.com,BD,2018,Bordeaux
Glenda,Ietta,Glenda.Ietta@icanschool.com,GameDesign,2023,Lyon
Ebonee,Tippets,Ebonee.Tippets@icanschool.com,UX,2020,Paris
Arlena,Adlare,Arlena.Adlare@icanschool.com,Web,2020,Paris
Lynea,Sprage,Lynea.Sprage@icanschool.com,GameDesign,2021,Paris
Mathilda,Loeb,Mathilda.Loeb@icanschool.com,UX,2023,Lyon
Frances,Swigart,Frances.Swigart@icanschool.com,Web,2018,Paris
Sherrie,Read,Sherrie.Read@icanschool.com,GameDesign,2022,Lille
Rebeca,Rudolph,Rebeca.Rudolph@icanschool.com,UX,2020,Lille
Blondelle,Bevin,Blondelle.Bevin@icanschool.com,UX,2020,Lille
Cyndie,Curren,Cyndie.Curren@icanschool.com,GameDesign,2020,Bordeaux
Ira,Tiffa,Ira.Tiffa@icanschool.com,BD,2020,Lyon
Nananne,Chandler,Nananne.Chandler@icanschool.com,BD,2020,Bordeaux
Kelly,Talia,Kelly.Talia@icanschool.com,BD,2019,Lille
Therine,Jerold,Therine.Jerold@icanschool.com,Web,2021,Bordeaux
Benita,Claudine,Benita.Claudine@icanschool.com,GameProgramming,2020,Paris
Jinny,Junie,Jinny.Junie@icanschool.com,GameProgramming,2019,Lille
Clementine,Johanna,Clementine.Johanna@icanschool.com,Web,2021,Lille
Rosaline,Imelida,Rosaline.Imelida@icanschool.com,GameDesign,2019,Lyon
Pearline,Mike,Pearline.Mike@icanschool.com,GameDesign,2018,Lyon
Tonia,Podvin,Tonia.Podvin@icanschool.com,UX,2021,Paris
Riannon,Schenck,Riannon.Schenck@icanschool.com,UX,2021,Lyon
Merry,Trinetta,Merry.Trinetta@icanschool.com,GameProgramming,2023,Lyon
Wileen,Minetta,Wileen.Minetta@icanschool.com,UX,2020,Bordeaux
Bernie,Shields,Bernie.Shields@icanschool.com,GameProgramming,2021,Bordeaux
Maisey,Lanita,Maisey.Lanita@icanschool.com,GameProgramming,2021,Lille
Nataline,Norvol,Nataline.Norvol@icanschool.com,Web,2018,Paris
Babita,Grobe,Babita.Grobe@icanschool.com,GameProgramming,2022,Bordeaux
Marcy,Rosette,Marcy.Rosette@icanschool.com,GameDesign,2021,Bordeaux
Doro,Japeth,Doro.Japeth@icanschool.com,Communication,2022,Lille
Adelle,Cleo,Adelle.Cleo@icanschool.com,GameProgramming,2020,Lyon
Teriann,Lacombe,Teriann.Lacombe@icanschool.com,GameProgramming,2020,Lyon
Priscilla,Mehalek,Priscilla.Mehalek@icanschool.com,GameArt,2023,Lyon
Kimberley,Smitt,Kimberley.Smitt@icanschool.com,Communication,2023,Lille
Dari,Taima,Dari.Taima@icanschool.com,Communication,2019,Paris
Rochette,Ries,Rochette.Ries@icanschool.com,GameProgramming,2018,Lyon
Edyth,Malina,Edyth.Malina@icanschool.com,UX,2019,Lille
Elena,Kronfeld,Elena.Kronfeld@icanschool.com,GameProgramming,2022,Paris
Gwyneth,Peti,Gwyneth.Peti@icanschool.com,GameProgramming,2022,Lyon
Jany,Eiser,Jany.Eiser@icanschool.com,GameDesign,2021,Bordeaux
Tera,Bouchard,Tera.Bouchard@icanschool.com,BD,2020,Lille
Cissiee,Darbie,Cissiee.Darbie@icanschool.com,UX,2019,Paris
Zsa Zsa,Eno,Zsa Zsa.Eno@icanschool.com,GameDesign,2023,Paris
Brandise,Adore,Brandise.Adore@icanschool.com,Communication,2023,Lyon
Eve,Creamer,Eve.Creamer@icanschool.com,UX,2021,Lyon
Estell,Middleton,Estell.Middleton@icanschool.com,UX,2020,Bordeaux
Asia,Teryn,Asia.Teryn@icanschool.com,GameArt,2019,Lyon
Gwenneth,Rurik,Gwenneth.Rurik@icanschool.com,GameDesign,2023,Paris
Estell,Japeth,Estell.Japeth@icanschool.com,UX,2018,Bordeaux
Michaelina,Liebermann,Michaelina.Liebermann@icanschool.com,GameProgramming,2023,Lille
Kara-Lynn,Rossner,Kara-Lynn.Rossner@icanschool.com,BD,2021,Bordeaux
Sibella,Stacy,Sibella.Stacy@icanschool.com,Communication,2019,Bordeaux
Ulrike,Damarra,Ulrike.Damarra@icanschool.com,Communication,2021,Bordeaux
Mignon,Iiette,Mignon.Iiette@icanschool.com,Communication,2021,Lyon
Hannis,Sacken,Hannis.Sacken@icanschool.com,GameProgramming,2019,Bordeaux
Misha,Pelagias,Misha.Pelagias@icanschool.com,Communication,2021,Bordeaux
Antonietta,Vastah,Antonietta.Vastah@icanschool.com,BD,2019,Lille
Alie,Letsou,Alie.Letsou@icanschool.com,UX,2018,Lille
Caressa,Dimitris,Caressa.Dimitris@icanschool.com,GameArt,2021,Bordeaux
Inga,Federica,Inga.Federica@icanschool.com,UX,2019,Bordeaux
Korrie,Infield,Korrie.Infield@icanschool.com,BD,2019,Lille
Chloris,Montgomery,Chloris.Montgomery@icanschool.com,BD,2020,Bordeaux
Florencia,Helve,Florencia.Helve@icanschool.com,GameArt,2018,Paris
Dede,Poll,Dede.Poll@icanschool.com,Web,2020,Lyon
Albertina,Killigrew,Albertina.Killigrew@icanschool.com,GameArt,2020,Lyon
Kial,Tillford,Kial.Tillford@icanschool.com,UX,2022,Bordeaux
Ninnetta,Bord,Ninnetta.Bord@icanschool.com,Web,2023,Bordeaux
Imojean,Cloris,Imojean.Cloris@icanschool.com,GameDesign,2023,Bordeaux
Starla,Nea,Starla.Nea@icanschool.com,Web,2019,Lille
Jaclyn,Flita,Jaclyn.Flita@icanschool.com,BD,2022,Paris
Florie,Bahr,Florie.Bahr@icanschool.com,Web,2019,Lyon
Kore,Durante,Kore.Durante@icanschool.com,GameArt,2020,Bordeaux
Mallory,Syd,Mallory.Syd@icanschool.com,GameProgramming,2021,Lyon
Heddie,Eliathas,Heddie.Eliathas@icanschool.com,GameArt,2022,Paris
Cherilyn,Dielu,Cherilyn.Dielu@icanschool.com,Communication,2022,Lyon
Layla,Ioab,Layla.Ioab@icanschool.com,GameProgramming,2023,Bordeaux
Kristan,Lea,Kristan.Lea@icanschool.com,GameDesign,2021,Lille
Clementine,Ogren,Clementine.Ogren@icanschool.com,UX,2018,Bordeaux
Bobbi,Goldina,Bobbi.Goldina@icanschool.com,UX,2018,Paris
Melodie,Swigart,Melodie.Swigart@icanschool.com,GameDesign,2018,Paris
Daryl,Caitlin,Daryl.Caitlin@icanschool.com,Communication,2023,Paris
Concettina,Milde,Concettina.Milde@icanschool.com,GameProgramming,2023,Paris
Genevra,Ortrude,Genevra.Ortrude@icanschool.com,Communication,2022,Bordeaux
Lucy,Voletta,Lucy.Voletta@icanschool.com,Web,2023,Lille
Atlanta,Felizio,Atlanta.Felizio@icanschool.com,Communication,2019,Lyon
Jorry,Virgin,Jorry.Virgin@icanschool.com,Communication,2020,Lille
Wilma,LaRue,Wilma.LaRue@icanschool.com,Communication,2021,Bordeaux
Florencia,Dielu,Florencia.Dielu@icanschool.com,GameDesign,2023,Lille
Willetta,Hepsibah,Willetta.Hepsibah@icanschool.com,GameDesign,2023,Paris
Modestia,Howlyn,Modestia.Howlyn@icanschool.com,Web,2019,Lille
Tabbatha,Elo,Tabbatha.Elo@icanschool.com,GameProgramming,2022,Lyon
Celisse,Neils,Celisse.Neils@icanschool.com,BD,2022,Lille
Dagmar,Nester,Dagmar.Nester@icanschool.com,GameArt,2020,Lille
Maridel,Iaverne,Maridel.Iaverne@icanschool.com,GameDesign,2020,Paris
Laure,Ingra,Laure.Ingra@icanschool.com,UX,2020,Bordeaux
Malina,Han,Malina.Han@icanschool.com,GameDesign,2023,Paris
Gilligan,Krystle,Gilligan.Krystle@icanschool.com,BD,2020,Lyon
Myrtice,Cressida,Myrtice.Cressida@icanschool.com,GameArt,2022,Lille
Tamqrah,Emmaline,Tamqrah.Emmaline@icanschool.com,BD,2021,Bordeaux
Bertine,Tound,Bertine.Tound@icanschool.com,BD,2022,Lille
Alleen,Oscar,Alleen.Oscar@icanschool.com,Communication,2022,Paris
Dawn,Thornburg,Dawn.Thornburg@icanschool.com,Web,2021,Paris
Mignon,Kermit,Mignon.Kermit@icanschool.com,Communication,2023,Lyon
Merle,Ophelia,Merle.Ophelia@icanschool.com,GameDesign,2019,Lille
Jany,Emmy,Jany.Emmy@icanschool.com,Web,2019,Bordeaux
Verla,Roumell,Verla.Roumell@icanschool.com,Communication,2020,Paris
Deane,Stephie,Deane.Stephie@icanschool.com,Web,2023,Bordeaux
Raina,Ventre,Raina.Ventre@icanschool.com,BD,2021,Paris
Marti,Norvol,Marti.Norvol@icanschool.com,BD,2020,Lille
Fanchon,Morehouse,Fanchon.Morehouse@icanschool.com,GameArt,2020,Bordeaux
Elyssa,Ashok,Elyssa.Ashok@icanschool.com,GameDesign,2020,Bordeaux
Flo,Mallon,Flo.Mallon@icanschool.com,GameArt,2019,Lyon
Damaris,Rese,Damaris.Rese@icanschool.com,Communication,2021,Paris
Janeczka,Eldrid,Janeczka.Eldrid@icanschool.com,GameArt,2022,Bordeaux
Audrie,Birdella,Audrie.Birdella@icanschool.com,GameDesign,2022,Lille
Julieta,Emmy,Julieta.Emmy@icanschool.com,GameArt,2019,Lille
Shandie,Holtz,Shandie.Holtz@icanschool.com,Web,2022,Bordeaux
Eolanda,Winnick,Eolanda.Winnick@icanschool.com,GameProgramming,2020,Paris
Maye,Hanleigh,Maye.Hanleigh@icanschool.com,BD,2022,Paris
Kayla,McCutcheon,Kayla.McCutcheon@icanschool.com,Web,2021,Lille
Leontine,Fairweather,Leontine.Fairweather@icanschool.com,GameProgramming,2018,Lyon
Beverley,Dorine,Beverley.Dorine@icanschool.com,UX,2021,Paris
Dorene,Swanhildas,Dorene.Swanhildas@icanschool.com,UX,2022,Paris
Nataline,Sherrie,Nataline.Sherrie@icanschool.com,GameProgramming,2023,Bordeaux
Edee,Fabiola,Edee.Fabiola@icanschool.com,GameDesign,2019,Lyon
Layla,Ahab,Layla.Ahab@icanschool.com,GameProgramming,2019,Paris
Kristina,Duwalt,Kristina.Duwalt@icanschool.com,GameProgramming,2022,Lille
Lesly,Ricarda,Lesly.Ricarda@icanschool.com,GameArt,2020,Lyon
Valeda,Presber,Valeda.Presber@icanschool.com,BD,2023,Lille
Silvana,Martguerita,Silvana.Martguerita@icanschool.com,BD,2019,Bordeaux
Katharina,Kaja,Katharina.Kaja@icanschool.com,GameArt,2019,Bordeaux
Marcelline,Orlene,Marcelline.Orlene@icanschool.com,Web,2022,Lille
Rosaline,Pozzy,Rosaline.Pozzy@icanschool.com,GameDesign,2022,Lille
Lindie,Dominy,Lindie.Dominy@icanschool.com,GameArt,2022,Lyon
Mignon,Levey,Mignon.Levey@icanschool.com,GameDesign,2021,Lyon
Norine,Taima,Norine.Taima@icanschool.com,GameProgramming,2022,Bordeaux
Charlena,Wandie,Charlena.Wandie@icanschool.com,UX,2022,Bordeaux
Genevra,Merell,Genevra.Merell@icanschool.com,GameArt,2019,Paris
Winifred,Reinke,Winifred.Reinke@icanschool.com,GameDesign,2021,Lyon
Theodora,Lattie,Theodora.Lattie@icanschool.com,BD,2020,Bordeaux
Violet,Keily,Violet.Keily@icanschool.com,GameProgramming,2022,Paris
Cissiee,Papageno,Cissiee.Papageno@icanschool.com,UX,2020,Lyon
Jerry,Toffic,Jerry.Toffic@icanschool.com,BD,2023,Lille
Margalo,Malvino,Margalo.Malvino@icanschool.com,Web,2021,Bordeaux
Jsandye,Ardra,Jsandye.Ardra@icanschool.com,GameProgramming,2021,Bordeaux
Jean,Halla,Jean.Halla@icanschool.com,Communication,2021,Lyon
Barbara,Margret,Barbara.Margret@icanschool.com,BD,2023,Lille
Averyl,Bakerman,Averyl.Bakerman@icanschool.com,GameArt,2022,Paris
Justinn,Urias,Justinn.Urias@icanschool.com,GameDesign,2021,Paris
Kirbee,Fancie,Kirbee.Fancie@icanschool.com,Communication,2021,Paris
Binny,Cosenza,Binny.Cosenza@icanschool.com,GameProgramming,2021,Lille
Halette,Fiann,Halette.Fiann@icanschool.com,GameArt,2020,Paris
Amii,Jobi,Amii.Jobi@icanschool.com,BD,2018,Bordeaux
Elora,Hubert,Elora.Hubert@icanschool.com,Communication,2018,Paris
Marleah,Valoniah,Marleah.Valoniah@icanschool.com,GameProgramming,2021,Paris
Nadine,Estella,Nadine.Estella@icanschool.com,GameDesign,2018,Lyon
Alyssa,Codding,Alyssa.Codding@icanschool.com,GameArt,2021,Lyon
Britte,Monk,Britte.Monk@icanschool.com,GameDesign,2019,Lyon
Hayley,Montgomery,Hayley.Montgomery@icanschool.com,GameDesign,2018,Paris
Delilah,Bevin,Delilah.Bevin@icanschool.com,Web,2018,Lille
Tomasina,Ciro,Tomasina.Ciro@icanschool.com,GameProgramming,2023,Lyon
Krystle,Phaidra,Krystle.Phaidra@icanschool.com,BD,2019,Lyon
Viviene,Odysseus,Viviene.Odysseus@icanschool.com,GameDesign,2018,Lille
Chickie,Albertine,Chickie.Albertine@icanschool.com,GameArt,2023,Lille
Natka,Neva,Natka.Neva@icanschool.com,Communication,2020,Lyon
Ardys,Ehrman,Ardys.Ehrman@icanschool.com,GameArt,2023,Lyon
Cyndie,Podvin,Cyndie.Podvin@icanschool.com,Communication,2018,Lyon
Kassey,Belanger,Kassey.Belanger@icanschool.com,BD,2022,Paris
Deloria,Libna,Deloria.Libna@icanschool.com,GameProgramming,2018,Lyon
Beverley,Mandler,Beverley.Mandler@icanschool.com,UX,2022,Paris
Lily,Duwalt,Lily.Duwalt@icanschool.com,Web,2018,Bordeaux
Valeda,Liebermann,Valeda.Liebermann@icanschool.com,UX,2022,Paris
Desirae,Ricki,Desirae.Ricki@icanschool.com,BD,2021,Bordeaux
Jerry,Bendick,Jerry.Bendick@icanschool.com,UX,2022,Bordeaux
Paola,Afton,Paola.Afton@icanschool.com,Web,2021,Paris
Libbie,Willie,Libbie.Willie@icanschool.com,Web,2019,Paris
Grier,Bethany,Grier.Bethany@icanschool.com,UX,2019,Paris
Nanete,Olympium,Nanete.Olympium@icanschool.com,GameProgramming,2018,Lille
Cassondra,Gusella,Cassondra.Gusella@icanschool.com,Communication,2019,Lyon
Therine,Bonilla,Therine.Bonilla@icanschool.com,Web,2020,Lille
Linet,Wind,Linet.Wind@icanschool.com,BD,2022,Paris
Keelia,Berriman,Keelia.Berriman@icanschool.com,UX,2022,Paris
Gale,Eiser,Gale.Eiser@icanschool.com,GameArt,2022,Lille
Kerrin,Secrest,Kerrin.Secrest@icanschool.com,GameDesign,2020,Lille
Leeanne,Guthrie,Leeanne.Guthrie@icanschool.com,BD,2023,Lyon
Carly,Etom,Carly.Etom@icanschool.com,Communication,2018,Lille
Danny,Remmer,Danny.Remmer@icanschool.com,UX,2019,Bordeaux
Donnie,Knowling,Donnie.Knowling@icanschool.com,GameArt,2023,Lyon
Melodie,Borrell,Melodie.Borrell@icanschool.com,UX,2021,Bordeaux
Aigneis,Loleta,Aigneis.Loleta@icanschool.com,UX,2022,Lyon
Lita,Monk,Lita.Monk@icanschool.com,UX,2020,Lyon
Philis,Lumbard,Philis.Lumbard@icanschool.com,Web,2019,Lyon
Tamqrah,Sinegold,Tamqrah.Sinegold@icanschool.com,Communication,2022,Bordeaux
Taffy,Buckler,Taffy.Buckler@icanschool.com,Communication,2018,Paris
Emilia,Kirbee,Emilia.Kirbee@icanschool.com,GameProgramming,2019,Paris
Maye,Bigner,Maye.Bigner@icanschool.com,GameProgramming,2018,Lille
Kimberley,Zetta,Kimberley.Zetta@icanschool.com,UX,2020,Bordeaux
Roz,Letsou,Roz.Letsou@icanschool.com,GameArt,2020,Lyon
Ofilia,Franza,Ofilia.Franza@icanschool.com,UX,2021,Bordeaux
Kylynn,Daveta,Kylynn.Daveta@icanschool.com,UX,2022,Paris
Caritta,Carolin,Caritta.Carolin@icanschool.com,GameDesign,2019,Paris
Cherrita,Chaing,Cherrita.Chaing@icanschool.com,GameProgramming,2019,Lille
Gerianna,Dom,Gerianna.Dom@icanschool.com,GameDesign,2018,Lille
Luci,Elbertina,Luci.Elbertina@icanschool.com,GameProgramming,2018,Lille
Antonietta,Imelida,Antonietta.Imelida@icanschool.com,GameProgramming,2020,Paris
Collen,Greyson,Collen.Greyson@icanschool.com,GameProgramming,2019,Lyon
Janis,Bertold,Janis.Bertold@icanschool.com,Communication,2020,Bordeaux
Heddie,Astra,Heddie.Astra@icanschool.com,Web,2020,Paris
Johna,Munn,Johna.Munn@icanschool.com,UX,2019,Lyon
Danny,Brieta,Danny.Brieta@icanschool.com,GameProgramming,2021,Bordeaux
Lynnea,Zola,Lynnea.Zola@icanschool.com,BD,2020,Lille
Ariela,Poppy,Ariela.Poppy@icanschool.com,Communication,2021,Lille
Bettine,Margarete,Bettine.Margarete@icanschool.com,GameDesign,2020,Lyon
Kylynn,Friede,Kylynn.Friede@icanschool.com,GameDesign,2019,Lille
Merry,Screens,Merry.Screens@icanschool.com,Web,2021,Bordeaux
Gabriellia,Zachary,Gabriellia.Zachary@icanschool.com,Communication,2019,Bordeaux
Dianemarie,Bennie,Dianemarie.Bennie@icanschool.com,GameProgramming,2023,Lille
Emma,Dex,Emma.Dex@icanschool.com,GameDesign,2022,Bordeaux
Mara,Wiener,Mara.Wiener@icanschool.com,Communication,2018,Paris
Willetta,Remmer,Willetta.Remmer@icanschool.com,Web,2019,Paris
Ardys,Waite,Ardys.Waite@icanschool.com,GameArt,2023,Paris
Elsie,Carbo,Elsie.Carbo@icanschool.com,Communication,2022,Lille